{"cameraMode":{"drawMode":0,"name":"Shaded","section":"Shading Mode"},"sceneLighting":true,"audioPlay":false,"sceneViewState":{"showFog":true,"showMaterialUpdate":false,"showSkybox":true,"showFlares":true,"showImageEffects":true,"showParticleSystems":true},"in2DMode":false,"pivot":{"x":0.07645249366760254,"y":6.323152542114258,"z":2.5359811782836916},"rotation":{"x":-0.5862924456596375,"y":-0.07315494865179062,"z":0.05328225716948509,"w":-0.8050283193588257},"size":22.0,"orthographic":false}