{"cameraMode":{"drawMode":0,"name":"Shaded","section":"Shading Mode"},"sceneLighting":false,"audioPlay":false,"sceneViewState":{"showFog":true,"showMaterialUpdate":false,"showSkybox":false,"showFlares":true,"showImageEffects":true,"showParticleSystems":true},"in2DMode":false,"pivot":{"x":-2.328263998031616,"y":3.252157688140869,"z":-4.682326316833496},"rotation":{"x":0.28192952275276186,"y":0.3631457984447479,"z":-0.116292305290699,"w":0.8804072737693787},"size":0.26602715253829958,"orthographic":false}